<?xml version="1.0" encoding="UTF-8"?>
<project-private xmlns="http://www.netbeans.org/ns/project-private/1">
    <editor-bookmarks xmlns="http://www.netbeans.org/ns/editor-bookmarks/2" lastBookmarkId="0"/>
    <open-files xmlns="http://www.netbeans.org/ns/projectui-open-files/2">
        <group>
            <file>file:/F:/bac/data/javaprog/databasprog/src/databasprog/adrow.java</file>
            <file>file:/F:/bac/data/javaprog/databasprog/src/databasprog/Credb.java</file>
            <file>file:/F:/bac/data/javaprog/databasprog/src/databasprog/disptab.java</file>
            <file>file:/F:/bac/data/javaprog/databasprog/src/databasprog/Testconn.java</file>
            <file>file:/F:/bac/data/javaprog/databasprog/src/databasprog/cretab.java</file>
            <file>file:/F:/bac/data/javaprog/databasprog/src/databasprog/prestaeg.java</file>
            <file>file:/F:/bac/data/javaprog/databasprog/src/databasprog/calstaeg.java</file>
            <file>file:/F:/bac/data/javaprog/databasprog/src/databasprog/banktabeg.java</file>
        </group>
    </open-files>
</project-private>
